2026-05-06 09:44:57,Control,1,Vieja,1,Sano,0,28,2,2,5,117.90,103.00,164.60,189.80,127.00,64.00
2026-05-06 09:46:26,Control,1,Vieja,2,Sano,0,27,1,2,5,99.90,96.20,142.00,183.20,113.00,59.00
2026-05-06 09:54:36,Control,2,Vieja,1,Sano,0,111,7,10,20,116.00,108.00,110.50,170.00,114.20,72.00
2026-05-06 09:57:22,Control,2,Vieja,2,Sano,0,112,7,10,20,107.00,95.90,108.00,163.00,113.00,64.00
2026-05-06 10:03:36,Control,3,Vieja,1,Sano,0,113,7,10,20,126.00,105.00,112.90,175.00,129.00,72.00
2026-05-06 10:11:26,Control,3,Vieja,2,Sano,0,109,7,10,20,105.90,87.10,100.00,135.60,105.00,68.50
2026-05-06 10:29:14,Control,4,Vieja,1,Sano,0,98,6,9,18,107.00,91.90,165.00,182.00,129.00,54.00
2026-05-06 10:31:17,Control,4,Vieja,2,Sano,0,99,6,9,18,108.00,90.00,131.40,169.00,126.90,63.00
2026-05-06 11:05:20,Control,4,Joven,1,Sano,0,100,6,9,18,94.30,84.40,142.90,165.00,106.30,53.50
2026-05-06 11:11:33,Control,5,Vieja,1,Sano,0,38,2,3,7,104.00,86.30,153.00,172.00,132.00,55.00
2026-05-06 11:12:26,Control,5,Vieja,2,Sano,0,38,2,3,7,107.60,88.70,159.30,179.50,135.50,54.90
2026-05-06 11:22:15,Control,6,Vieja,1,Sano,0,118,7,10,21,97.10,86.00,106.00,148.00,102.00,57.00
2026-05-06 11:23:24,Control,6,Vieja,2,Sano,0,118,7,10,21,109.00,95.00,145.80,175.70,128.60,61.00
2026-05-06 13:08:31,-N,1,Vieja,1,Sano,0,93,6,8,17,124.20,107.00,132.80,187.80,137.00,70.00
2026-05-06 13:09:36,-N,1,Vieja,2,Sano,0,91,6,8,17,99.00,91.00,125.30,164.50,114.00,57.00
2026-05-06 13:12:23,-P,1,Vieja,1,Sano,0,63,4,6,12,111.30,96.00,110.00,167.00,113.00,65.00
2026-05-06 13:13:33,-P,1,Vieja,2,Sano,0,65,4,6,12,103.00,90.70,103.40,153.90,106.50,60.00
2026-05-06 13:16:57,-K,1,Vieja,1,Sano,0,274,15,21,42,108.20,95.00,117.80,168.40,115.60,61.00
2026-05-06 13:17:53,-K,1,Vieja,2,Sano,0,272,14,20,41,108.00,96.00,155.00,181.00,116.00,59.40
2026-05-07 10:34:48,Control,1,Vieja,1,Sano,0,22,1,2,4,110.90,99.50,146.60,178.70,124.30,61.30
2026-05-07 10:35:44,Control,2,Vieja,1,Sano,0,112,7,10,20,105.90,89.10,119.80,154.20,126.30,64.00
2026-05-07 10:39:58,Control,3,Vieja,1,Sano,0,113,7,10,20,93.80,85.40,142.80,163.00,111.00,52.00
2026-05-07 10:40:52,Control,4,Vieja,1,Sano,0,125,8,11,22,107.30,90.00,152.00,171.70,132.00,58.00
2026-05-07 10:42:43,Control,5,Vieja,1,Sano,0,38,2,3,7,104.90,87.40,145.10,167.00,128.00,55.80
2026-05-07 10:43:53,Control,6,Vieja,1,Sano,0,164,10,14,28,107.20,89.00,142.00,163.90,127.10,58.00
2026-05-07 10:46:38,Control,7,Vieja,1,Sano,0,69,4,6,13,116.00,95.00,150.20,179.00,142.00,64.40
2026-05-07 10:47:34,Control,8,Vieja,1,Sano,0,60,4,5,11,94.00,74.00,146.80,160.30,126.10,47.90
2026-05-07 10:50:25,Control,9,Vieja,1,Sano,0,54,3,5,10,108.10,90.60,155.00,174.20,131.00,56.00
2026-05-07 10:51:20,Control,10,Vieja,1,Sano,0,94,6,8,17,109.40,87.70,155.70,176.30,139.30,55.90
2026-05-07 10:53:14,Control,11,Vieja,1,Sano,0,51,3,5,10,93.20,72.00,145.10,157.70,126.10,48.00
2026-05-07 10:54:26,Control,12,Vieja,1,Sano,0,69,4,6,13,121.10,101.50,187.20,210.30,149.50,57.10
2026-05-07 10:56:27,Control,13,Vieja,1,Sano,0,32,2,3,6,110.00,93.00,167.00,188.00,136.80,54.00
2026-05-07 11:03:37,Control,14,Vieja,1,Sano,0,47,3,4,9,112.60,87.40,165.30,185.60,145.20,54.60
2026-05-07 11:05:17,Control,15,Vieja,1,Sano,0,88,5,8,16,106.90,84.60,143.10,165.40,130.40,56.80
2026-05-07 11:09:17,-N,1,Vieja,1,Sano,0,123,7,11,22,110.90,91.90,153.00,176.70,132.10,57.90
2026-05-07 11:11:08,-N,2,Vieja,1,Sano,0,43,3,4,8,113.30,94.10,162.50,185.00,137.80,57.40
2026-05-07 11:12:27,-N,3,Vieja,1,Sano,0,67,4,6,13,102.60,79.80,148.60,167.50,130.00,51.00
2026-05-07 11:13:26,-N,4,Vieja,1,Sano,0,142,9,12,25,108.30,85.20,156.60,177.50,135.80,53.10
2026-05-07 11:17:08,-N,5,Vieja,1,Sano,0,32,2,3,6,96.00,79.80,154.10,169.60,120.60,48.00
2026-05-07 11:27:44,-N,6,Vieja,1,Sano,0,43,3,4,8,91.00,77.00,138.80,155.00,113.00,48.00
2026-05-07 11:29:16,-N,7,Vieja,1,Sano,0,31,2,3,6,97.00,86.00,153.60,172.10,121.00,51.50
2026-05-07 11:29:59,-N,8,Vieja,1,Sano,0,84,5,7,15,106.80,79.20,161.30,176.50,140.30,51.00
2026-05-07 11:32:33,-N,9,Vieja,1,Sano,0,126,8,11,22,108.60,92.70,165.90,186.90,133.80,54.60
2026-05-07 11:34:10,-N,10,Vieja,1,Sano,0,232,13,18,37,97.50,90.20,155.40,177.60,113.60,49.80
2026-05-07 11:36:27,-N,11,Vieja,1,Sano,0,70,4,6,13,98.30,86.00,154.10,173.40,117.90,50.20
2026-05-07 11:37:20,-N,12,Vieja,1,Sano,0,139,8,12,24,112.70,89.50,161.30,183.30,140.70,55.00
2026-05-07 11:38:36,-P,1,Vieja,1,Sano,0,104,6,9,19,112.00,96.20,161.10,187.60,137.10,59.50
2026-05-07 11:39:49,-P,2,Vieja,1,Sano,0,27,1,2,5,101.00,73.40,151.10,165.30,133.00,50.00
2026-05-07 11:41:46,-P,3,Vieja,1,Sano,0,108,7,9,19,106.40,75.80,154.00,170.90,136.00,51.00
2026-05-07 11:44:21,-P,4,Vieja,1,Sano,0,25,1,2,5,106.70,80.10,145.30,164.80,130.80,54.10
2026-05-07 11:45:59,-P,5,Vieja,1,Sano,0,115,7,10,21,107.50,81.10,153.00,172.40,134.90,50.90
2026-05-07 11:48:49,-P,6,Vieja,1,Sano,0,156,9,13,27,101.90,87.90,151.00,169.00,122.70,55.00
2026-05-07 11:52:42,-K,1,Vieja,1,Sano,0,125,8,11,22,98.60,94.00,140.50,173.00,109.90,55.90
2026-05-07 11:56:25,-K,2,Vieja,1,Sano,0,39,2,3,7,95.80,78.50,156.80,171.30,127.00,49.00
2026-05-07 11:58:58,-K,3,Vieja,1,Sano,0,104,6,9,19,99.00,83.00,147.00,164.00,125.00,53.00
2026-05-07 11:59:50,-K,4,Vieja,1,Sano,0,75,5,7,14,102.70,88.80,152.40,170.50,120.80,54.10
2026-05-07 12:02:07,-K,5,Vieja,1,Sano,0,75,5,7,14,99.50,83.50,150.40,166.70,120.70,53.70
2026-05-07 12:03:04,-K,6,Vieja,1,Sano,0,43,3,4,8,91.00,87.00,140.20,167.20,99.20,49.80
2026-05-07 12:32:44,-P,7,Vieja,1,Sano,0,87,5,8,16,102.80,97.20,151.00,181.90,113.20,57.70
2026-05-07 12:33:27,-P,8,Vieja,1,Sano,0,38,2,3,7,99.20,87.00,148.60,165.80,118.00,55.20
2026-05-07 12:34:50,-P,9,Vieja,1,Sano,0,66,4,6,12,102.80,87.30,148.80,166.60,114.70,53.10
2026-05-07 12:38:03,-P,10,Vieja,1,Sano,0,20,1,2,4,105.60,84.00,144.90,164.70,129.80,54.00
2026-05-07 12:40:05,-P,11,Vieja,1,Sano,0,45,3,4,9,100.00,76.70,147.70,165.00,130.30,49.60
2026-05-07 12:41:42,-P,12,Vieja,1,Sano,0,46,3,4,9,100.20,86.00,155.20,172.60,126.70,53.00
2026-05-07 12:45:50,-K,7,Vieja,1,Sano,0,73,5,7,14,97.00,83.80,144.30,163.00,114.00,54.00
2026-05-07 12:48:35,-K,8,Vieja,1,Sano,0,99,6,9,18,93.80,86.20,112.70,153.10,99.80,54.10
2026-05-07 12:49:57,-K,9,Vieja,1,Sano,0,97,6,9,18,104.90,87.00,123.90,152.40,121.90,62.10
2026-05-07 12:50:41,-K,10,Vieja,1,Sano,0,77,5,7,14,109.10,91.30,111.10,159.70,118.20,64.00
2026-05-07 12:52:34,-K,11,Vieja,1,Sano,0,66,4,6,12,101.80,88.20,106.80,153.00,109.50,60.10
2026-05-07 12:53:39,-K,12,Vieja,1,Sano,0,52,3,5,10,95.10,78.00,111.70,144.50,112.80,57.90
2026-05-07 12:57:29,-K,13,Vieja,1,Sano,0,129,8,11,23,109.20,88.20,126.30,165.10,125.60,64.00
2026-05-07 12:58:13,-K,14,Vieja,1,Sano,0,51,3,5,10,104.70,93.50,144.00,172.20,124.20,60.60
2026-05-07 12:59:33,-N,13,Vieja,1,Sano,0,50,3,4,9,105.20,93.10,117.50,164.20,114.40,61.00
2026-05-07 13:00:29,-N,14,Vieja,1,Sano,0,92,6,8,17,114.00,90.60,149.00,171.10,135.30,60.50
2026-05-07 13:03:02,-P,13,Vieja,1,Sano,0,122,7,11,22,108.80,85.70,155.50,173.80,136.70,55.00
2026-05-07 13:04:17,-P,14,Vieja,1,Sano,0,23,1,2,4,98.80,86.30,145.20,167.00,110.00,55.00
2026-05-07 13:07:39,-N,15,Vieja,1,Sano,0,83,5,7,15,100.20,91.00,139.90,170.30,111.00,59.00
2026-05-07 13:08:32,-P,15,Vieja,1,Sano,0,96,6,9,18,100.20,88.40,144.70,168.90,115.20,58.10
2026-05-08 10:49:28,Control,1,Vieja,1,Sano,0,-1,-1,-1,-1,102.40,90.50,155.00,174.10,120.30,55.00
2026-05-08 10:51:18,Control,2,Vieja,1,Sano,0,-1,-1,-1,-1,111.20,95.00,163.70,184.50,132.00,56.30
2026-05-08 10:54:09,Control,3,Vieja,1,Sano,0,-1,-1,-1,-1,103.00,95.60,139.70,176.70,107.50,60.90
2026-05-08 10:55:25,Control,4,Vieja,1,Sano,0,-1,-1,-1,-1,101.00,92.00,115.40,160.60,108.10,59.00
2026-05-08 10:57:59,Control,5,Vieja,1,Sano,0,-1,-1,-1,-1,106.60,87.90,119.00,127.90,118.80,69.30
2026-05-08 10:59:15,Control,6,Vieja,1,Sano,0,-1,-1,-1,-1,98.30,91.30,129.10,163.80,110.00,58.00
2026-05-08 11:04:17,-N,2,Vieja,1,Sano,0,-1,-1,-1,-1,99.80,86.00,102.00,148.10,105.90,60.00
2026-05-08 11:05:09,-N,1,Vieja,1,Sano,0,-1,-1,-1,-1,103.10,90.20,106.70,156.70,109.00,61.60
2026-05-08 11:06:56,-N,3,Vieja,1,Sano,0,-1,-1,-1,-1,103.00,78.00,108.30,142.80,116.80,60.00
2026-05-08 11:08:17,-N,4,Vieja,1,Sano,0,-1,-1,-1,-1,100.60,86.80,113.50,143.60,115.20,62.00
2026-05-08 11:10:33,-N,5,Vieja,1,Sano,0,-1,-1,-1,-1,102.60,90.30,120.50,163.50,115.80,61.20
2026-05-08 11:11:25,-N,6,Vieja,1,Sano,0,-1,-1,-1,-1,100.50,88.00,115.30,154.90,105.70,57.00
2026-05-08 11:13:14,-P,1,Vieja,1,Sano,0,-1,-1,-1,-1,110.60,99.90,119.00,173.00,113.20,64.80
2026-05-08 11:14:15,-P,2,Vieja,1,Sano,0,-1,-1,-1,-1,99.00,87.00,112.50,152.90,106.10,56.90
2026-05-08 11:17:20,-P,3,Vieja,1,Sano,0,74,5,7,14,116.30,87.30,120.60,165.60,136.70,68.20
2026-05-08 11:20:11,-P,4,Vieja,1,Sano,0,17,1,1,3,110.00,95.40,105.00,159.70,107.60,65.00
2026-05-08 11:22:03,-P,5,Vieja,1,Sano,0,92,6,8,17,96.20,88.20,135.20,161.10,113.10,56.10
2026-05-08 11:22:50,-P,6,Vieja,1,Sano,0,133,8,11,23,112.00,102.60,105.60,173.40,98.90,67.70
2026-05-08 11:24:22,-K,1,Vieja,1,Sano,0,82,5,7,15,105.60,97.90,99.50,160.10,100.20,66.20
2026-05-08 11:25:21,-K,2,Vieja,1,Sano,0,25,1,2,5,109.90,97.80,127.70,173.80,124.80,63.00
2026-05-08 11:27:01,-K,3,Vieja,1,Sano,0,85,5,8,16,107.60,103.10,99.40,167.60,94.10,68.40
2026-05-08 11:27:54,-K,4,Vieja,1,Sano,0,73,5,7,14,92.90,86.40,118.10,159.20,96.00,54.90
2026-05-08 11:29:49,-K,5,Vieja,1,Sano,0,54,3,5,10,106.60,102.50,137.20,186.20,103.90,62.00
2026-05-08 11:30:49,-K,6,Vieja,1,Sano,0,120,7,10,21,94.60,88.30,111.20,157.00,101.40,56.00
2026-05-08 11:34:48,Control,7,Vieja,1,Sano,0,120,7,10,21,108.40,93.50,110.40,162.20,115.20,64.20
2026-05-08 11:36:41,Control,8,Vieja,1,Sano,0,45,3,4,9,100.00,91.00,123.20,161.90,109.90,58.00
2026-05-08 11:38:47,Control,9,Vieja,1,Sano,0,45,3,4,9,110.80,97.50,105.80,161.80,109.70,65.40
2026-05-08 11:40:20,Control,10,Vieja,1,Sano,0,124,8,11,22,108.10,95.00,105.60,160.60,112.40,65.00
2026-05-08 11:42:05,Control,11,Vieja,1,Sano,0,88,5,8,16,115.40,88.00,112.40,158.00,131.00,68.00
2026-05-08 11:44:47,Control,12,Vieja,1,Sano,0,77,5,7,14,127.40,106.00,128.20,185.00,133.80,72.20
2026-05-08 11:47:39,-N,7,Vieja,1,Sano,0,39,2,3,7,102.30,96.40,142.40,180.80,104.10,58.20
2026-05-08 11:48:47,-N,8,Vieja,1,Sano,0,94,6,8,17,109.80,96.80,104.20,161.00,107.90,65.00
2026-05-08 11:50:54,-N,9,Vieja,1,Sano,0,168,10,14,28,107.00,101.00,120.70,177.20,106.20,63.90
2026-05-08 11:51:58,-N,10,Vieja,1,Sano,0,241,13,19,38,105.00,96.60,106.80,165.50,107.40,63.40
2026-05-08 11:53:35,-N,11,Vieja,1,Sano,0,107,7,9,19,124.80,101.20,105.90,166.90,121.40,73.30
2026-05-08 11:54:35,-N,12,Vieja,1,Sano,0,97,6,9,18,113.20,104.00,129.70,180.10,113.70,65.00
2026-05-08 11:56:18,-P,7,Vieja,1,Sano,0,48,3,4,9,111.40,96.00,101.00,148.80,102.70,70.10
2026-05-08 11:57:05,-P,8,Vieja,1,Sano,0,19,1,1,3,109.70,99.00,99.90,163.10,102.40,67.20
2026-05-08 11:58:45,-P,9,Vieja,1,Sano,0,54,3,5,10,99.40,71.20,152.60,162.20,134.40,48.00
2026-05-08 11:59:34,-P,10,Vieja,1,Sano,0,45,3,4,9,110.60,94.90,156.90,178.90,131.00,59.10
2026-05-08 12:01:55,-P,11,Vieja,1,Sano,0,44,3,4,8,116.90,99.90,166.20,188.20,135.00,64.00
2026-05-08 12:02:43,-P,12,Vieja,1,Sano,0,40,2,4,8,102.00,96.70,154.70,181.50,113.10,54.70
2026-05-08 12:05:35,-K,7,Vieja,1,Sano,0,51,3,5,10,111.80,89.20,156.50,178.70,141.60,61.30
2026-05-08 12:06:27,-K,8,Vieja,1,Sano,0,127,8,11,22,114.90,105.00,111.00,177.20,105.50,68.20
2026-05-08 12:08:34,-K,9,Vieja,1,Sano,0,31,2,3,6,105.90,97.50,102.20,163.90,100.00,66.30
2026-05-08 12:09:28,-K,10,Vieja,1,Sano,0,17,1,1,3,111.00,103.50,121.80,182.30,106.50,66.10
2026-05-08 12:11:33,-K,11,Vieja,1,Sano,0,71,4,6,13,102.90,90.90,116.20,161.80,113.60,60.60
2026-05-08 12:12:30,-K,12,Vieja,1,Sano,0,22,1,2,4,104.30,94.60,115.10,165.10,110.40,61.40
2026-05-08 12:14:23,-K,13,Vieja,1,Sano,0,113,7,10,20,102.90,82.90,109.00,148.60,115.20,61.00
2026-05-08 12:15:23,-K,14,Vieja,1,Sano,0,64,4,6,12,120.30,97.10,116.00,169.60,130.60,69.50
2026-05-08 12:16:43,Control,13,Vieja,1,Sano,0,56,3,5,11,107.90,82.10,113.70,153.40,126.20,64.00
2026-05-08 12:17:38,Control,14,Vieja,1,Sano,0,26,1,2,5,118.30,102.10,116.00,176.10,120.20,68.80
2026-05-08 12:20:41,Control,15,Vieja,1,Sano,0,81,5,7,15,103.80,92.30,116.50,159.50,109.80,59.40
2026-05-08 12:21:45,-N,13,Vieja,1,Sano,0,45,3,4,9,107.00,96.00,126.40,170.60,115.00,61.00
2026-05-08 12:23:23,-N,14,Vieja,1,Sano,0,177,10,15,30,96.00,88.40,113.70,158.50,99.10,56.90
2026-05-08 12:24:22,-N,15,Vieja,1,Sano,0,108,7,9,19,109.40,99.00,113.70,175.60,109.20,65.30
2026-05-08 12:25:55,-P,13,Vieja,1,Sano,0,116,7,10,21,117.40,92.40,133.50,170.20,136.30,69.00
2026-05-08 12:26:34,-P,14,Vieja,1,Sano,0,21,1,2,4,116.90,103.00,120.80,176.60,120.90,67.10
2026-05-08 12:27:57,-P,15,Vieja,1,Sano,0,56,3,5,11,108.30,106.00,102.20,164.30,96.00,71.00
2026-05-09 11:45:39,Control,1,Vieja,1,Sano,0,44,3,4,8,98.90,92.00,103.70,160.00,95.00,62.00
2026-05-09 11:46:41,Control,2,Vieja,1,Sano,0,98,6,9,18,107.00,92.60,120.70,161.10,120.00,62.10
2026-05-09 11:48:04,Control,3,Vieja,1,Sano,0,114,7,10,20,109.00,94.70,122.40,166.80,118.60,62.40
2026-05-09 11:49:05,Control,4,Vieja,1,Sano,0,80,5,7,15,114.60,100.70,114.50,172.10,118.50,67.60
2026-05-09 11:51:14,Control,5,Vieja,1,Sano,0,20,1,2,4,122.60,99.50,146.20,183.50,145.50,72.00
2026-05-09 11:52:07,Control,6,Vieja,1,Sano,0,140,8,12,24,117.80,101.00,137.90,178.00,129.90,68.00
2026-05-09 11:55:01,-N,1,Vieja,1,Sano,0,84,5,7,15,101.00,94.80,152.60,175.30,117.10,59.00
2026-05-09 11:56:02,-N,2,Vieja,1,Sano,0,21,1,2,4,110.60,89.80,104.70,155.00,115.70,66.40
2026-05-09 11:58:00,-N,3,Vieja,1,Sano,0,41,2,4,8,108.20,91.20,102.30,156.20,107.70,67.20
2026-05-09 11:59:02,-N,4,Vieja,1,Sano,0,86,5,8,16,110.80,90.10,146.30,174.60,135.80,64.90
2026-05-11 16:09:54,Control,1,Vieja,1,Sano,0,-1,-1,-1,-1,115.20,94.70,115.50,168.20,129.30,69.20
2026-05-11 16:10:56,Control,1,Vieja,1,Sano,0,79,5,7,15,120.00,93.80,111.10,167.70,132.80,74.00
2026-05-11 16:11:25,Control,1,Vieja,2,Sano,0,79,5,7,15,130.00,98.50,114.30,173.70,137.40,74.30
2026-05-11 16:11:55,Control,1,Joven,1,Sano,0,79,5,7,15,110.10,104.20,106.20,177.90,102.40,69.00
2026-05-11 16:18:06,Control,2,Vieja,1,Sano,0,73,5,7,14,131.00,115.10,158.70,212.00,148.60,74.30
2026-05-11 16:18:30,Control,2,Vieja,2,Sano,0,75,5,7,14,121.20,113.20,115.00,193.50,109.20,73.70
2026-05-11 16:21:17,Control,2,Joven,1,Sano,0,89,6,8,16,106.20,87.50,184.50,200.10,140.20,50.00
2026-05-11 16:24:00,Control,3,Vieja,1,Sano,0,134,8,12,24,127.90,101.00,182.40,205.30,155.00,65.00
2026-05-11 16:24:32,Control,3,Vieja,2,Sano,0,133,8,11,23,126.30,93.50,174.70,197.50,154.80,63.10
2026-05-11 16:26:06,Control,3,Joven,1,Sano,0,131,8,11,23,123.50,94.80,181.60,202.60,156.80,60.50
2026-05-11 16:28:15,Control,4,Vieja,1,Sano,0,115,7,10,21,122.10,76.60,190.20,197.20,167.70,52.60
2026-05-11 16:28:46,Control,4,Vieja,2,Sano,0,116,7,10,21,105.40,80.10,189.80,198.30,143.30,49.00
2026-05-11 16:29:18,Control,4,Joven,1,Sano,0,116,7,10,21,121.60,112.50,158.90,205.20,129.90,72.00
2026-05-11 16:31:04,Control,5,Vieja,1,Sano,0,26,1,2,5,116.30,101.80,188.50,208.90,145.40,60.20
2026-05-11 16:31:32,Control,5,Vieja,2,Sano,0,26,1,2,5,117.80,97.00,204.30,220.80,147.80,54.00
2026-05-11 16:32:01,Control,5,Joven,1,Sano,0,27,1,2,5,105.40,90.50,174.60,191.50,132.20,52.60
2026-05-11 16:33:09,Control,6,Vieja,1,Sano,0,200,11,16,33,101.30,89.30,167.40,186.00,117.40,53.00
2026-05-11 16:33:32,Control,6,Vieja,2,Sano,0,199,11,16,33,102.70,80.80,165.10,180.50,140.10,52.10
2026-05-11 16:34:09,Control,6,Joven,1,Sano,0,198,11,16,32,107.50,95.60,179.90,198.70,135.10,54.00
2026-05-11 16:35:48,-N,1,Vieja,1,Sano,0,248,13,19,39,91.90,81.00,169.00,183.30,108.20,49.00
2026-05-11 16:36:20,-N,1,Vieja,2,Sano,0,251,14,19,39,107.00,94.20,171.70,191.00,124.70,54.00
2026-05-11 16:37:17,-N,1,Joven,1,Sano,0,253,14,19,39,100.70,85.80,179.20,193.20,128.60,50.00
2026-05-11 16:38:11,-N,2,Vieja,1,Sano,0,279,15,21,42,115.30,100.50,181.60,201.30,139.00,59.00
2026-05-11 16:38:51,-N,2,Vieja,2,Sano,0,280,15,21,42,104.00,92.00,169.00,189.00,120.00,54.00
2026-05-11 16:39:55,-N,2,Joven,1,Sano,0,278,15,21,42,102.70,98.30,175.70,202.20,116.20,55.00
2026-05-11 16:42:02,-N,3,Vieja,1,Sano,0,99,6,9,18,118.10,99.40,173.60,197.20,143.90,63.20
2026-05-11 16:42:32,-N,3,Vieja,2,Sano,0,99,6,9,18,108.50,83.50,162.80,182.20,138.10,52.10
2026-05-11 16:51:51,-N,3,Joven,1,Indefinido,0,91,6,8,17,115.00,84.90,173.20,191.30,149.90,53.40
2026-05-11 16:52:39,-N,4,Vieja,1,Sano,0,87,5,8,16,104.00,79.00,171.70,182.90,144.90,50.00
2026-05-11 16:53:17,-N,4,Vieja,2,Sano,0,88,5,8,16,100.20,81.00,181.50,192.50,133.90,49.20
2026-05-11 16:54:29,-N,4,Joven,1,Sano,0,91,6,8,17,114.80,108.20,147.50,202.90,130.10,67.70
2026-05-11 16:56:02,-N,5,Vieja,1,Sano,0,259,14,20,40,113.20,103.70,154.50,193.70,126.90,64.00
2026-05-11 16:56:26,-N,1,Vieja,2,Sano,0,257,14,20,40,116.90,107.90,140.90,197.50,122.40,67.50
2026-05-11 16:56:55,-N,5,Joven,1,Sano,0,255,14,19,39,120.90,97.70,146.00,181.90,142.00,70.00
2026-05-11 16:58:35,-N,6,Vieja,1,Sano,0,50,3,4,9,111.20,105.00,138.30,193.60,112.50,64.70
2026-05-11 16:59:10,-N,6,Vieja,2,Sano,0,48,3,4,9,116.00,101.00,121.50,176.60,122.00,67.50
2026-05-11 16:59:56,-N,6,Joven,1,Sano,0,47,3,4,9,104.80,91.00,112.40,157.60,120.60,63.90
2026-05-11 17:01:26,-P,1,Vieja,1,Sano,0,101,6,9,18,115.30,111.10,122.00,195.20,115.00,71.40
2026-05-11 17:01:50,-P,1,Vieja,2,Sano,0,100,6,9,18,117.00,107.10,124.80,188.90,116.30,68.30
2026-05-11 17:02:17,-P,1,Joven,1,Sano,0,100,6,9,18,112.10,98.90,110.40,169.40,113.00,67.00
2026-05-11 17:02:55,-P,2,Vieja,1,Sano,0,45,3,4,9,120.90,95.80,121.10,170.00,132.70,69.00
2026-05-11 17:03:23,-P,2,Vieja,2,Sano,0,45,3,4,9,116.10,103.20,104.00,158.40,102.40,73.00
2026-05-11 17:03:47,-P,2,Joven,1,Sano,0,44,3,4,8,128.50,117.80,137.80,212.10,125.10,75.30
2026-05-11 17:05:07,-P,3,Vieja,1,Sano,0,40,2,4,8,120.10,112.10,112.00,193.40,106.90,72.80
2026-05-11 17:05:44,-P,3,Vieja,2,Sano,0,42,3,4,8,108.00,102.60,143.80,188.70,121.80,63.50
2026-05-11 17:06:17,-P,3,Joven,1,Sano,0,40,2,4,8,111.90,92.20,106.00,156.10,122.20,69.60
2026-05-11 17:06:57,-P,4,Vieja,1,Sano,0,33,2,3,6,119.90,106.80,123.30,183.60,119.50,68.40
2026-05-11 17:07:26,-P,4,Vieja,2,Sano,0,33,2,3,6,126.00,101.50,161.90,198.00,149.10,71.30
2026-05-11 17:08:31,-P,4,Joven,1,Sano,0,33,2,3,6,114.10,78.10,179.50,192.00,157.20,52.30
2026-05-11 17:11:24,-P,5,Vieja,1,Sano,0,197,11,16,32,115.90,89.60,192.30,206.90,151.90,52.20
2026-05-11 17:11:53,-P,5,Vieja,2,Sano,0,197,11,16,32,118.40,89.60,195.80,210.70,163.90,56.00
2026-05-11 17:12:18,-P,5,Joven,1,Sano,0,199,11,16,33,101.70,88.70,178.30,194.90,132.90,51.40
2026-05-11 17:12:59,-P,6,Vieja,1,Sano,0,127,8,11,22,103.60,82.50,175.00,188.10,141.40,51.00
2026-05-11 17:13:22,-P,6,Vieja,2,Sano,0,127,8,11,22,119.90,85.80,202.60,215.00,164.80,52.00
2026-05-11 17:13:59,-P,6,Joven,1,Sano,0,124,8,11,22,120.90,86.40,182.90,199.40,160.10,54.80
2026-05-11 17:15:36,-K,1,Vieja,1,Sano,0,41,2,4,8,106.30,89.90,186.70,202.70,134.50,51.00
2026-05-11 17:16:21,-K,1,Vieja,2,Sano,0,41,2,4,8,116.60,104.20,183.50,207.40,139.10,60.90
2026-05-11 17:17:45,-K,2,Vieja,1,Sano,0,142,9,12,25,107.40,86.40,176.40,191.50,145.20,52.90
2026-05-11 17:19:14,-K,3,Vieja,1,Sano,0,214,12,17,35,107.20,81.50,174.00,187.60,141.20,49.90
2026-05-11 17:20:02,-K,3,Vieja,1,Sano,0,215,12,17,35,115.00,82.60,193.70,201.30,157.00,51.10
2026-05-11 17:21:48,-K,4,Vieja,1,Sano,0,160,9,13,27,101.30,106.30,104.40,182.90,95.80,66.90
2026-05-11 17:22:12,-K,4,Vieja,1,Sano,0,159,9,13,27,118.30,107.00,119.30,184.60,115.30,69.00
2026-05-11 17:22:38,-K,4,Joven,1,Sano,0,149,9,13,26,116.00,101.80,126.00,181.10,123.30,67.00
2026-05-11 17:23:59,-K,5,Vieja,1,Sano,0,54,3,5,10,120.80,104.70,103.10,166.20,109.00,73.20
2026-05-11 17:24:29,-K,5,Vieja,2,Sano,0,54,3,5,10,107.00,93.40,175.00,187.30,129.70,63.60
2026-05-11 17:24:59,-K,5,Joven,1,Sano,0,54,3,5,10,104.30,109.10,98.70,162.10,98.60,71.00
2026-05-11 17:25:42,-K,6,Vieja,1,Sano,0,220,12,17,35,113.50,104.60,127.70,184.20,118.40,66.30
2026-05-11 17:26:09,-K,6,Vieja,2,Sano,0,216,12,17,35,117.80,107.10,127.90,188.80,123.50,69.70
2026-05-11 17:26:32,-K,6,Joven,1,Sano,0,218,12,17,35,113.10,105.10,110.10,179.70,110.00,71.00
2026-05-12 13:42:05,Control,6,Vieja,1,Sano,0,246,13,19,38,127.20,91.80,212.70,225.40,176.50,56.00
2026-05-12 13:43:05,Control,7,Vieja,1,Sano,0,39,2,3,7,114.10,80.50,209.10,210.60,163.40,51.00
2026-05-12 13:46:39,Control,8,Vieja,1,Sano,0,71,4,6,13,121.60,98.40,203.50,222.20,158.90,55.00
2026-05-12 13:47:19,Control,9,Vieja,1,Sano,0,87,5,8,16,114.70,95.60,204.50,222.30,152.60,53.00
2026-05-12 13:49:17,Control,10,Vieja,1,Sano,0,189,11,15,31,130.00,112.40,192.20,219.50,151.50,70.50
2026-05-12 13:52:01,Control,11,Vieja,1,Sano,0,2,0,0,0,123.00,102.80,209.00,230.70,161.10,58.00
2026-05-12 13:54:00,Control,12,Vieja,1,Sano,0,184,11,15,31,107.80,78.70,191.50,197.10,152.20,50.10
2026-05-12 13:54:56,Control,13,Vieja,1,Sano,0,147,9,12,25,104.20,86.90,207.30,220.40,142.30,50.00
2026-05-12 13:57:06,Control,14,Vieja,1,Sano,0,130,8,11,23,116.50,78.60,200.00,198.90,167.80,51.00
2026-05-12 13:58:28,Control,15,Vieja,1,Sano,0,36,2,3,7,113.10,89.40,204.20,216.80,149.10,49.60
2026-05-12 14:08:16,-N,7,Vieja,1,Sano,0,217,12,17,35,112.30,79.40,203.30,200.50,160.70,51.00
2026-05-12 14:13:36,-N,8,Vieja,1,Sano,0,141,8,12,25,114.80,79.00,218.80,216.10,176.00,51.00
2026-05-12 14:26:16,-N,9,Vieja,1,Sano,0,142,9,12,25,103.20,76.90,225.10,188.50,172.80,52.00
2026-05-12 14:32:01,-N,10,Vieja,1,Sano,0,192,11,16,32,123.50,97.90,213.70,229.70,162.80,56.20
2026-05-12 14:33:35,-N,11,Vieja,1,Sano,0,125,8,11,22,122.80,71.10,194.60,184.40,174.50,50.90
2026-05-12 14:35:43,-N,12,Vieja,1,Sano,0,116,7,10,21,140.50,128.30,166.20,234.10,158.60,82.40
2026-05-12 14:38:40,-N,13,Vieja,1,Sano,0,179,10,15,30,124.50,117.00,162.60,221.70,138.50,73.70
2026-05-12 14:39:42,-N,14,Vieja,1,Sano,0,175,10,14,29,146.20,125.70,198.00,244.70,175.50,80.70
2026-05-12 14:41:27,-N,15,Vieja,1,Sano,0,82,5,7,15,120.10,116.20,157.90,215.50,127.20,71.60
2026-05-12 14:42:23,-P,7,Vieja,1,Sano,0,131,8,11,23,133.00,127.20,133.30,224.20,124.00,81.30
2026-05-12 14:44:28,-P,8,Vieja,1,Sano,0,59,4,5,11,131.80,126.80,121.50,216.40,115.10,82.90
2026-05-12 14:45:37,-P,9,Vieja,1,Sano,0,132,8,11,23,116.10,119.90,110.80,151.00,111.20,88.70
2026-05-12 14:47:04,-P,10,Vieja,1,Sano,0,128,8,11,23,144.20,145.60,124.50,248.30,115.50,93.70
2026-05-12 14:49:00,-P,11,Vieja,1,Sano,0,162,10,14,28,132.70,128.80,113.20,210.90,113.70,84.90
2026-05-12 14:50:50,-P,12,Vieja,1,Sano,0,176,10,15,30,136.90,121.70,133.40,212.80,139.20,81.20
2026-05-12 14:51:40,-P,13,Vieja,1,Sano,0,193,11,16,32,148.00,131.70,175.30,244.20,170.10,86.80
2026-05-12 14:53:29,-P,14,Vieja,1,Sano,0,140,8,12,24,126.20,92.80,219.90,232.00,176.90,56.30
2026-05-12 14:55:56,-P,15,Vieja,1,Sano,0,58,4,5,11,147.40,102.90,143.90,194.50,178.80,84.30
2026-05-12 14:58:17,-K,7,Vieja,1,Sano,0,40,2,4,8,121.10,113.90,139.60,206.50,126.80,72.00
2026-05-12 14:59:10,-K,8,Vieja,1,Sano,0,147,9,12,25,127.00,113.30,126.00,196.60,131.80,75.30
2026-05-12 15:00:47,-K,9,Vieja,1,Sano,0,33,2,3,6,144.50,129.00,166.90,238.90,160.10,82.30
2026-05-12 15:01:30,-K,10,Vieja,1,Sano,0,127,8,11,22,124.20,105.70,152.50,202.60,155.70,73.70
2026-05-12 15:03:09,-K,11,Vieja,1,Sano,0,279,15,21,42,141.80,108.00,223.70,245.00,189.00,69.20
2026-05-12 15:04:29,-K,12,Vieja,1,Sano,0,157,9,13,27,134.20,100.20,223.90,239.30,179.00,57.60
2026-05-12 15:07:05,-K,13,Vieja,1,Sano,0,181,10,15,30,105.90,86.20,198.90,207.20,140.40,52.00
2026-05-12 15:07:48,-K,14,Vieja,1,Sano,0,129,8,11,23,123.20,88.20,202.60,214.80,167.90,54.90
2026-05-13 12:59:18,Control,1,Vieja,1,Sano,0,144,9,12,25,117.70,108.00,106.00,180.10,110.50,74.80
2026-05-13 13:00:30,Control,2,Vieja,1,Sano,0,277,15,21,42,107.90,107.60,115.30,191.80,101.60,67.00
2026-05-13 13:01:55,Control,3,Vieja,1,Sano,0,106,7,9,19,116.00,106.60,109.40,181.50,107.60,71.60
2026-05-13 13:03:18,Control,4,Vieja,1,Sano,0,118,7,10,21,121.30,89.00,194.70,208.80,164.10,56.70
2026-05-13 13:05:12,Control,5,Vieja,1,Sano,0,69,4,6,13,118.90,108.80,192.20,219.60,138.70,63.00
2026-05-13 13:06:26,Control,6,Vieja,1,Sano,0,261,14,20,40,125.20,99.80,192.30,212.10,154.70,66.80
2026-05-13 13:08:06,Control,13,Vieja,1,Sano,0,92,6,8,17,124.50,101.00,107.00,169.30,121.60,76.30
2026-05-13 13:08:55,Control,14,Vieja,1,Sano,0,104,6,9,19,129.90,106.50,108.60,173.60,122.40,78.40
2026-05-13 13:10:46,Control,15,Vieja,1,Sano,0,347,17,24,49,121.20,98.30,125.10,180.30,135.50,70.90
2026-05-13 13:11:46,Control,15,Vieja,1,Sano,0,174,10,14,29,127.20,104.70,112.00,179.00,129.80,79.10
2026-05-13 13:14:30,-N,1,Vieja,1,Def_N,1,183,11,15,31,125.90,110.10,112.90,187.90,122.20,79.80
2026-05-13 13:17:31,-N,2,Vieja,1,Def_N,1,156,9,13,27,118.90,100.00,137.60,185.50,135.90,69.30
2026-05-13 13:19:23,-N,3,Vieja,1,Def_N,1,132,8,11,23,109.90,95.10,124.50,170.80,121.80,64.10
2026-05-13 13:40:36,-N,4,Vieja,1,Sano,0,72,4,6,13,116.20,96.90,198.00,216.00,153.20,55.30
2026-05-13 13:41:55,-N,5,Vieja,1,Def_N,1,216,12,17,35,117.00,93.00,164.80,189.30,145.70,61.80
2026-05-13 13:43:52,-N,6,Vieja,1,Sano,0,100,6,9,18,130.90,84.20,200.60,210.10,176.60,56.20
2026-05-13 13:46:07,-N,13,Vieja,1,Def_N,1,100,6,9,18,111.10,99.30,190.40,212.10,133.10,56.30
2026-05-13 13:48:05,-N,14,Vieja,1,Def_N,2,219,12,17,35,118.60,102.60,194.10,216.00,141.10,55.20
2026-05-13 13:49:08,-N,15,Vieja,1,Def_N,1,33,2,3,6,108.40,87.20,186.20,202.60,148.10,52.80
2026-05-13 13:51:32,-P,1,Vieja,1,Sano,0,103,6,9,19,89.30,74.70,153.10,143.10,109.90,54.70
2026-05-13 13:53:06,-P,2,Vieja,1,Sano,0,89,6,8,16,125.70,97.80,196.90,217.10,165.40,61.70
2026-05-13 13:55:05,-P,3,Vieja,1,Sano,0,298,15,22,44,107.90,83.30,169.90,185.80,147.50,55.60
2026-05-13 13:56:09,-P,4,Vieja,1,Sano,0,63,4,6,12,117.80,82.80,186.70,198.20,158.40,51.80
2026-05-13 13:57:46,-P,5,Vieja,1,Sano,0,139,8,12,24,120.60,85.00,210.10,216.40,169.50,52.00
2026-05-13 13:59:08,-P,6,Vieja,1,Sano,0,251,14,19,39,123.40,100.20,199.50,219.40,160.10,58.40
2026-05-13 14:00:38,-P,13,Vieja,1,Sano,0,107,7,9,19,121.50,88.30,204.00,215.70,163.60,52.40
2026-05-13 14:02:29,-P,14,Vieja,1,Sano,0,71,4,6,13,134.90,115.70,217.90,240.60,161.50,66.30
2026-05-13 14:04:31,-P,15,Vieja,1,Sano,0,241,13,19,38,136.50,115.00,207.00,231.60,164.00,68.80
2026-05-13 14:06:04,-K,1,Vieja,1,Sano,0,247,13,19,39,124.20,101.30,212.40,233.50,163.90,56.40
2026-05-13 14:07:51,-K,2,Vieja,1,Sano,0,203,12,16,33,126.30,107.90,191.40,216.80,160.10,68.50
2026-05-13 14:08:38,-K,3,Vieja,1,Sano,0,295,15,22,44,133.10,106.20,209.20,227.90,171.90,66.30
2026-05-13 14:10:31,-K,4,Vieja,1,Sano,0,225,13,18,36,111.20,95.20,180.50,197.70,134.80,55.10
2026-05-13 14:11:15,-K,5,Vieja,1,Sano,0,71,4,6,13,120.10,108.40,193.40,219.00,140.10,63.20
2026-05-13 14:13:12,-K,6,Vieja,1,Sano,0,340,17,24,49,113.50,83.90,182.20,196.20,154.50,53.50
2026-05-13 14:13:53,-K,13,Vieja,1,Sano,0,262,14,20,40,100.30,82.70,169.90,184.20,128.00,50.00
2026-05-13 14:15:54,-K,14,Vieja,1,Sano,0,138,8,12,24,117.00,90.30,188.80,205.20,159.00,57.20
2026-05-14 12:28:32,Control,7,Vieja,1,Sano,0,39,2,3,7,122.10,89.90,182.10,199.00,157.50,56.40
2026-05-14 12:29:22,Control,8,Vieja,1,Sano,0,103,6,9,19,112.20,91.50,179.50,197.00,141.20,53.60
2026-05-14 12:31:34,Control,9,Vieja,1,Sano,0,90,6,8,17,117.00,102.60,180.80,201.30,140.00,61.90
2026-05-14 12:32:21,Control,10,Vieja,1,Sano,0,220,12,17,35,114.00,91.00,176.50,194.70,150.10,55.90
2026-05-14 12:33:13,Control,10,Vieja,1,Sano,0,128,8,11,23,126.60,88.70,202.20,217.30,171.60,54.00
2026-05-14 12:35:12,Control,11,Vieja,1,Sano,0,170,10,14,29,111.60,98.70,186.30,206.80,135.10,54.60
2026-05-14 12:36:07,Control,11,Vieja,1,Sano,0,242,13,19,38,115.50,93.50,193.80,210.30,148.70,52.80
2026-05-14 12:36:39,Control,11,Vieja,1,Sano,0,129,8,11,23,123.00,113.50,192.60,221.80,138.00,64.40
2026-05-14 12:37:23,Control,12,Vieja,1,Sano,0,52,3,5,10,120.40,113.00,196.70,225.00,137.70,61.70
2026-05-14 12:41:22,-N,7,Vieja,1,Def_N,2,31,2,3,6,123.60,109.10,195.60,219.70,150.00,63.20
2026-05-14 12:43:28,-N,7,Vieja,1,Def_N,2,68,4,6,13,119.10,98.00,197.60,216.30,151.20,54.00
2026-05-14 12:47:21,-N,8,Vieja,1,Def_N,2,166,10,14,28,99.20,80.80,177.90,187.90,137.10,50.00
2026-05-14 12:49:54,-N,9,Vieja,1,Sano,0,117,7,10,21,134.60,114.20,115.90,195.20,131.30,79.90
2026-05-14 12:50:59,-N,10,Vieja,1,Sano,0,98,6,9,18,121.00,107.10,164.20,205.40,144.70,69.00
2026-05-14 12:54:49,-N,11,Vieja,1,Sano,0,95,6,8,17,120.30,100.00,136.90,180.80,137.80,68.00
2026-05-14 12:56:35,-N,12,Vieja,1,Sano,0,125,8,11,22,124.40,109.60,161.90,206.50,146.90,70.10
2026-05-14 13:00:12,-P,7,Vieja,1,Sano,0,156,9,13,27,121.90,100.10,139.90,188.40,142.90,71.80
2026-05-14 13:01:23,-P,8,Vieja,1,Sano,0,55,3,5,10,136.10,106.00,117.00,183.50,140.50,79.90
2026-05-14 13:02:05,-P,8,Vieja,1,Sano,0,84,5,7,15,126.90,87.30,106.80,154.10,135.70,74.70
2026-05-14 13:05:25,-P,9,Vieja,1,Sano,0,9,0,0,1,120.80,91.80,107.60,156.70,130.40,72.10
2026-05-14 13:06:35,-P,9,Vieja,1,Sano,0,41,2,4,8,121.10,101.50,128.40,180.90,135.20,71.50
2026-05-14 13:07:49,-P,10,Vieja,1,Sano,0,113,7,10,20,130.20,103.00,161.40,196.60,153.20,73.00
2026-05-14 13:10:21,-P,11,Vieja,1,Sano,0,97,6,9,18,140.80,95.10,168.30,195.10,173.50,76.50
2026-05-14 13:13:50,-P,12,Vieja,1,Sano,0,301,16,22,45,122.90,99.40,115.00,174.50,130.70,73.70
2026-05-14 13:16:32,-K,7,Vieja,1,Sano,0,110,7,10,20,122.70,97.00,148.60,186.90,149.60,72.00
2026-05-14 13:17:20,-K,8,Vieja,1,Sano,0,210,12,17,34,130.90,104.00,135.00,190.50,150.70,75.70
2026-05-14 13:19:22,-K,9,Vieja,1,Sano,0,25,1,2,5,152.10,136.10,159.30,235.00,142.30,83.70
2026-05-14 13:20:02,-K,9,Vieja,1,Sano,0,141,8,12,25,133.80,120.30,147.40,209.70,130.10,74.80
2026-05-14 13:21:10,-K,10,Vieja,1,Sano,0,168,10,14,28,141.30,115.00,172.00,222.80,167.80,80.30
2026-05-14 13:22:50,-K,11,Vieja,1,Sano,0,141,8,12,25,138.10,122.40,148.20,217.70,150.00,80.20
2026-05-14 13:23:45,-K,12,Vieja,1,Sano,0,51,3,5,10,130.00,110.60,186.60,219.50,162.60,70.90
2026-05-14 13:24:20,-K,12,Vieja,1,Sano,0,172,10,14,29,120.70,102.60,158.40,194.10,147.50,68.90
2026-05-15 13:48:09,Control,1,Vieja,1,Sano,0,66,4,6,12,126.10,106.90,140.90,193.70,145.20,73.30
2026-05-15 13:50:10,Control,2,Vieja,1,Sano,0,185,11,15,31,138.90,99.50,146.90,197.00,161.00,79.00
2026-05-15 13:51:52,Control,3,Vieja,1,Sano,0,68,4,6,13,136.80,110.40,199.60,227.20,171.20,72.20
2026-05-15 13:53:11,Control,4,Vieja,1,Sano,0,70,4,6,13,124.10,76.10,199.10,182.00,182.80,52.20
2026-05-15 13:54:38,Control,5,Vieja,1,Sano,0,28,2,2,5,129.30,80.40,220.80,213.60,193.30,53.90
2026-05-15 13:55:37,Control,6,Vieja,1,Sano,0,136,8,12,24,108.70,82.80,190.30,191.90,146.90,51.30
2026-05-15 13:57:14,Control,13,Vieja,1,Sano,0,49,3,4,9,140.90,121.00,131.90,212.40,142.90,82.10
2026-05-15 13:58:00,Control,14,Vieja,1,Sano,0,32,2,3,6,129.60,99.40,127.90,182.80,152.30,76.80
2026-05-15 13:59:29,Control,15,Vieja,1,Sano,0,287,15,21,43,121.90,88.20,184.50,200.10,160.30,57.00
2026-05-15 14:00:35,Control,15,Vieja,1,Sano,0,192,11,16,32,116.30,75.40,167.80,172.50,155.30,53.30
2026-05-15 14:01:14,Control,15,Vieja,1,Sano,0,158,9,13,27,123.60,85.00,207.80,212.10,172.20,55.50
2026-05-15 14:12:58,-N,1,Vieja,1,Sano,0,106,7,9,19,118.40,82.00,194.20,200.40,165.40,53.00
2026-05-15 14:14:20,-N,2,Vieja,1,Sano,0,96,6,9,18,118.00,78.00,199.20,198.50,170.40,52.10
2026-05-15 14:19:10,-N,3,Vieja,1,Sano,0,63,4,6,12,132.60,84.30,231.40,231.10,194.10,56.20
2026-05-15 14:19:50,-N,3,Vieja,1,Sano,0,77,5,7,14,120.30,82.00,214.00,212.90,175.80,53.90
2026-05-15 14:21:03,-N,4,Vieja,1,Sano,0,150,9,13,26,117.10,84.30,191.30,200.70,162.40,55.30
2026-05-15 14:21:58,-N,5,Vieja,1,Sano,0,225,13,18,36,118.90,92.00,197.70,212.40,160.10,57.70
2026-05-15 14:22:44,-N,6,Vieja,1,Sano,0,57,4,5,11,129.60,74.60,198.00,164.40,198.10,52.50
2026-05-15 14:23:12,-N,6,Vieja,1,Sano,0,53,3,5,10,117.20,77.50,203.80,199.80,173.40,51.20
2026-05-15 14:23:52,-N,6,Vieja,1,Sano,0,37,2,3,7,124.00,87.50,208.20,217.90,172.10,55.20
2026-05-15 14:25:00,-N,13,Vieja,1,Sano,0,74,5,7,14,124.60,81.20,199.50,201.60,175.00,55.70
2026-05-15 14:26:03,-N,13,Vieja,1,Sano,0,89,6,8,16,116.10,86.90,196.00,204.40,158.60,55.20
2026-05-15 14:27:19,-N,14,Vieja,1,Sano,0,216,12,17,35,107.00,84.30,168.00,185.40,142.50,54.00
2026-05-15 14:27:49,-N,14,Vieja,1,Sano,0,281,15,21,42,130.90,84.20,202.90,212.00,176.30,59.00
2026-05-15 14:28:48,-N,15,Vieja,1,Sano,0,53,3,5,10,132.00,86.60,206.90,217.10,176.40,57.20
2026-05-15 14:29:18,-N,15,Vieja,1,Sano,0,57,4,5,11,133.40,97.90,206.60,223.60,174.30,63.80
2026-05-15 14:30:37,-P,1,Vieja,1,Sano,0,45,3,4,9,121.80,91.40,195.90,212.10,165.00,57.60
2026-05-15 14:31:05,-P,1,Vieja,1,Sano,0,108,7,9,19,119.60,100.10,190.90,210.00,148.50,60.70
2026-05-15 14:31:36,-P,1,Vieja,1,Sano,0,31,2,3,6,133.80,100.60,217.20,235.70,174.80,60.70
2026-05-15 14:37:47,-P,2,Vieja,1,Sano,0,73,5,7,14,112.00,80.20,185.90,188.70,156.10,51.70
2026-05-15 14:38:28,-P,3,Vieja,1,Sano,0,111,7,10,20,116.20,85.60,192.30,202.90,155.60,52.10
2026-05-15 14:39:15,-P,4,Vieja,1,Sano,0,151,9,13,26,119.90,92.60,193.10,207.70,155.70,55.70
2026-05-15 14:39:58,-P,5,Vieja,1,Sano,0,168,10,14,28,114.70,91.40,176.60,193.60,143.50,55.90
2026-05-15 14:40:49,-P,6,Vieja,1,Sano,0,97,6,9,18,122.70,93.00,200.60,213.70,161.00,55.20
2026-05-15 14:41:31,-P,13,Vieja,1,Sano,0,90,6,8,17,115.10,79.10,182.60,188.50,160.80,54.50
2026-05-15 14:42:08,-P,14,Vieja,1,Sano,0,81,5,7,15,120.00,80.40,200.00,204.50,169.90,53.00
2026-05-15 14:43:07,-P,15,Vieja,1,Sano,0,96,6,9,18,135.80,100.50,213.70,231.10,182.20,64.70
2026-05-15 14:48:07,-K,1,Vieja,1,Sano,0,153,9,13,26,130.20,79.30,203.10,200.20,183.30,55.30
2026-05-15 14:48:53,-K,2,Vieja,1,Sano,0,47,3,4,9,125.90,95.50,214.30,226.40,170.70,56.20
2026-05-15 14:49:38,-K,2,Vieja,1,Sano,0,178,10,15,30,115.10,88.60,198.30,208.80,160.80,54.20
2026-05-15 14:50:21,-K,3,Vieja,1,Sano,0,45,3,4,9,133.80,89.90,205.20,218.70,178.10,61.20
2026-05-15 14:50:53,-K,3,Vieja,1,Sano,0,157,9,13,27,128.90,78.50,199.20,193.40,179.50,54.80
2026-05-15 14:51:39,-K,4,Vieja,1,Sano,0,203,12,16,33,122.00,93.20,196.10,211.10,163.60,58.70
2026-05-15 14:52:11,-K,4,Vieja,1,Sano,0,102,6,9,18,117.90,100.30,194.60,213.20,146.60,58.60
2026-05-15 14:52:59,-K,5,Vieja,1,Sano,0,42,3,4,8,122.10,106.00,205.30,229.00,156.00,61.00
2026-05-15 14:53:30,-K,5,Vieja,1,Sano,0,37,2,3,7,126.30,118.10,195.40,234.40,142.60,70.50
2026-05-15 14:54:04,-K,5,Vieja,1,Sano,0,89,6,8,16,128.80,112.20,188.90,219.80,154.60,72.40
2026-05-15 14:55:05,-K,6,Vieja,1,Sano,0,197,11,16,32,132.80,103.80,209.10,232.30,176.40,64.40
2026-05-15 14:55:51,-K,13,Vieja,1,Sano,0,196,11,16,32,141.80,101.70,228.90,244.00,184.00,59.90
2026-05-15 14:56:34,-K,14,Vieja,1,Sano,0,118,7,10,21,121.10,99.10,209.50,225.90,152.20,54.20
2026-05-15 14:57:03,-K,14,Vieja,1,Sano,0,93,6,8,17,123.40,80.90,210.00,211.20,172.70,51.50
2026-05-16 11:34:26,Control,7,Vieja,1,Sano,0,91,6,8,17,115.90,84.50,181.90,194.60,154.80,52.80
2026-05-16 11:35:39,Control,8,Vieja,1,Sano,0,106,7,9,19,110.20,92.20,181.50,199.90,145.40,57.70
2026-05-16 11:37:02,Control,9,Vieja,1,Sano,0,246,13,19,38,116.40,102.70,183.70,206.70,138.00,61.70
2026-05-16 11:37:47,Control,9,Vieja,1,Sano,0,108,7,9,19,112.90,89.80,184.00,199.20,146.00,53.20
2026-05-16 11:38:54,Control,10,Vieja,1,Sano,0,120,7,10,21,115.50,99.40,177.60,205.30,146.80,59.90
2026-05-16 11:39:39,Control,11,Vieja,1,Sano,0,88,5,8,16,121.80,82.40,201.50,201.60,173.40,54.80
2026-05-16 11:40:33,Control,12,Vieja,1,Sano,0,108,7,9,19,131.20,90.70,204.60,217.80,177.60,59.90
2026-05-16 11:46:18,-N,7,Vieja,1,Sano,0,118,7,10,21,122.70,82.20,196.60,203.50,169.10,54.00
2026-05-16 11:47:15,-N,8,Vieja,1,Sano,0,255,14,19,39,113.50,101.30,197.40,218.30,144.60,57.00
2026-05-16 11:48:06,-N,8,Vieja,1,Sano,0,228,13,18,36,110.20,86.50,183.10,196.30,150.10,54.40
2026-05-16 11:49:33,-N,8,Vieja,1,Sano,0,186,11,15,31,115.40,82.50,190.40,194.20,161.00,53.10
2026-05-16 11:51:00,-N,9,Vieja,1,Sano,0,119,7,10,21,116.70,84.00,198.00,202.70,165.50,53.90
2026-05-16 11:52:13,-N,10,Vieja,1,Sano,0,95,6,8,17,123.70,98.30,190.50,212.20,163.10,61.30
2026-05-16 11:52:55,-N,10,Vieja,1,Sano,0,63,4,6,12,119.40,83.00,209.60,208.20,172.40,52.80
2026-05-16 11:53:47,-N,10,Vieja,1,Sano,0,71,4,6,13,123.50,98.00,198.90,218.00,168.70,61.90
2026-05-16 11:54:29,-N,10,Vieja,1,Sano,0,48,3,4,9,126.70,109.30,211.20,232.20,158.50,62.70
2026-05-16 11:56:26,-N,11,Vieja,1,Sano,0,103,6,9,19,120.60,81.40,204.20,203.80,171.00,53.30
2026-05-16 11:57:27,-N,12,Vieja,1,Sano,0,87,5,8,16,120.30,84.10,218.20,220.00,173.90,54.00
2026-05-16 11:58:10,-N,12,Vieja,1,Sano,0,130,8,11,23,124.90,95.90,191.00,211.80,164.20,62.70
2026-05-16 12:02:53,-P,7,Vieja,1,Sano,0,140,8,12,24,118.50,93.30,192.30,206.80,153.80,55.80
2026-05-16 12:04:32,-P,8,Vieja,1,Sano,0,65,4,6,12,140.20,104.20,214.50,234.60,184.00,65.40
2026-05-16 12:05:11,-P,8,Vieja,1,Sano,0,91,6,8,17,121.10,92.20,195.00,210.00,163.50,57.30
2026-05-16 12:06:03,-P,8,Vieja,1,Sano,0,85,5,8,16,119.30,98.30,188.60,206.80,150.30,59.20
2026-05-16 12:06:59,-P,9,Vieja,1,Sano,0,107,7,9,19,122.00,95.50,189.90,208.80,162.80,61.00
2026-05-16 12:07:45,-P,9,Vieja,1,Sano,0,70,4,6,13,115.10,82.80,189.30,191.20,161.20,53.80
2026-05-16 12:08:54,-P,10,Vieja,1,Sano,0,140,8,12,24,118.60,87.30,186.20,199.10,159.10,56.30
2026-05-16 12:09:57,-P,11,Vieja,1,Sano,0,123,7,11,22,126.10,83.50,201.20,204.40,175.20,54.50
2026-05-16 12:10:33,-P,11,Vieja,1,Sano,0,45,3,4,9,120.20,86.00,193.60,202.20,165.10,54.80
2026-05-16 12:11:19,-P,11,Vieja,1,Sano,0,197,11,16,32,125.30,112.90,203.40,229.20,149.60,64.70
2026-05-16 12:12:20,-P,12,Vieja,1,Sano,0,95,6,8,17,118.40,99.70,190.90,209.60,145.20,57.70
2026-05-16 12:13:10,-P,12,Vieja,1,Sano,0,164,10,14,28,115.70,96.90,196.70,214.10,146.80,57.10
2026-05-16 12:17:26,-K,7,Vieja,1,Sano,0,96,6,9,18,122.50,96.10,202.20,218.00,164.20,57.40
2026-05-16 12:18:04,-K,7,Vieja,1,Sano,0,323,16,23,47,124.70,88.90,198.40,211.50,166.00,54.70
2026-05-16 12:18:47,-K,7,Vieja,1,Sano,0,195,11,16,32,120.20,106.20,192.00,215.50,143.80,60.50
2026-05-16 12:20:10,-K,8,Vieja,1,Sano,0,198,11,16,32,127.70,89.00,213.80,219.40,174.40,53.60
2026-05-16 12:21:09,-K,9,Vieja,1,Sano,0,75,5,7,14,125.60,90.70,216.40,225.80,166.80,53.40
2026-05-16 12:22:30,-K,9,Vieja,1,Sano,0,45,3,4,9,113.20,99.20,193.00,213.00,136.50,55.00
2026-05-16 12:23:07,-K,9,Vieja,1,Sano,0,181,10,15,30,115.50,94.20,188.40,206.50,149.50,55.30
2026-05-16 12:24:35,-K,10,Vieja,1,Sano,0,70,4,6,13,123.70,79.00,200.10,186.50,178.50,52.00
2026-05-16 12:25:25,-K,10,Vieja,1,Sano,0,168,10,14,28,117.70,96.60,191.20,210.70,152.60,55.60
2026-05-16 12:26:29,-K,11,Vieja,1,Sano,0,347,17,24,49,131.70,80.50,204.90,208.70,180.20,53.40
2026-05-16 12:27:08,-K,11,Vieja,1,Sano,0,165,10,14,28,132.60,97.60,191.40,212.00,170.50,64.90
2026-05-16 12:28:06,-K,12,Vieja,1,Sano,0,176,10,15,30,132.50,88.30,212.30,223.90,183.30,59.00
2026-05-17 12:22:44,Control,1,Vieja,1,Sano,0,160,9,13,27,127.40,104.00,108.40,166.50,121.30,78.00
2026-05-17 12:23:33,Control,1,Vieja,1,Sano,0,209,12,17,34,120.70,98.40,107.00,164.80,120.20,73.60
2026-05-17 12:24:12,Control,1,Vieja,1,Sano,0,146,9,12,25,142.00,118.10,130.70,212.00,150.70,82.20
2026-05-17 12:24:52,Control,1,Vieja,1,Sano,0,173,10,14,29,134.30,95.70,154.10,190.70,163.10,76.20
2026-05-17 12:26:12,Control,1,Vieja,1,Sano,0,163,10,14,28,116.60,105.90,107.70,170.60,106.70,73.90
2026-05-17 12:27:09,Control,2,Joven,1,Sano,0,174,10,14,29,131.90,112.50,123.10,196.40,134.50,77.30
2026-05-17 12:28:28,Control,1,Vieja,1,Sano,0,170,10,14,29,121.30,80.70,187.00,196.20,161.90,53.00
2026-05-17 12:29:08,-N,1,Vieja,1,Sano,0,127,8,11,22,125.60,87.40,194.70,207.10,167.90,57.30
2026-05-17 12:30:15,Control,2,Vieja,1,Sano,0,161,9,13,27,136.50,109.00,196.00,221.00,166.80,71.00
2026-05-17 12:31:06,Control,2,Vieja,1,Sano,0,185,11,15,31,139.40,82.80,189.30,197.80,182.50,65.30
2026-05-17 12:31:39,Control,2,Vieja,1,Sano,0,227,13,18,36,125.90,100.20,196.90,214.00,161.90,62.70
2026-05-17 12:35:41,Control,3,Vieja,1,Sano,0,155,9,13,27,124.50,86.40,184.80,193.60,165.10,57.70
2026-05-18 09:42:14,Control,1,Vieja,1,Sano,0,56,3,5,11,123.70,88.20,177.60,196.10,156.30,62.80
2026-05-18 09:43:28,Control,2,Vieja,1,Sano,0,96,6,9,18,129.70,89.50,188.10,204.70,164.50,60.80
2026-05-18 09:44:01,Control,2,Vieja,1,Sano,0,86,5,8,16,123.90,96.90,110.60,168.60,129.00,72.20
2026-05-18 09:45:52,Control,3,Vieja,1,Sano,0,23,1,2,4,125.00,104.90,192.40,214.80,151.40,63.50
2026-05-18 09:46:25,Control,3,Vieja,1,Sano,0,54,3,5,10,111.00,90.80,176.60,195.50,143.10,57.80
2026-05-18 09:47:54,Control,4,Vieja,1,Sano,0,30,2,3,6,127.40,117.40,115.20,196.10,116.40,77.90
2026-05-18 09:48:29,Control,4,Vieja,1,Sano,0,24,1,2,4,133.70,123.80,115.60,202.80,119.70,84.80
2026-05-18 09:53:44,Control,4,Vieja,1,Sano,0,28,2,2,5,124.10,107.50,201.60,223.60,154.70,64.30
2026-05-18 09:56:07,Control,5,Vieja,1,Sano,0,-1,-1,-1,-1,118.70,97.50,184.00,206.00,149.90,60.30
2026-05-18 09:56:42,Control,5,Vieja,1,Sano,0,8,0,0,1,126.50,91.20,199.30,213.10,166.40,57.30
2026-05-18 09:57:27,Control,5,Vieja,1,Sano,0,16,1,1,3,121.30,89.90,166.10,188.50,151.60,65.20
2026-05-18 09:58:28,Control,6,Vieja,1,Sano,0,165,10,14,28,122.40,82.40,200.20,202.60,172.00,55.20
2026-05-18 09:59:16,Control,6,Vieja,1,Sano,0,53,3,5,10,116.50,81.40,175.00,185.90,153.70,54.70
2026-05-18 10:01:03,Control,13,Vieja,1,Sano,0,25,1,2,5,142.00,111.20,205.30,227.60,175.70,72.30
2026-05-18 10:01:52,Control,13,Vieja,1,Sano,0,21,1,2,4,119.50,89.40,177.10,193.40,152.60,57.40
2026-05-18 10:03:10,Control,14,Vieja,1,Sano,0,25,1,2,5,132.90,93.10,204.40,219.80,177.70,62.80
2026-05-18 10:04:55,Control,15,Vieja,1,Sano,0,61,4,5,11,124.40,97.70,204.50,222.40,168.20,60.30
2026-05-18 10:05:29,Control,15,Vieja,1,Sano,0,78,5,7,14,116.30,78.10,189.50,192.80,161.60,53.80
2026-05-18 10:05:59,Control,15,Vieja,1,Sano,0,169,10,14,29,137.40,98.10,221.00,236.00,183.10,61.20
2026-05-18 10:06:41,Control,15,Vieja,1,Sano,0,136,8,12,24,125.30,100.80,199.80,220.00,160.50,60.00
2026-05-18 10:07:39,-N,1,Vieja,1,Sano,0,25,1,2,5,133.10,99.50,211.70,226.30,175.80,61.20
2026-05-18 10:08:14,-N,1,Vieja,1,Sano,0,37,2,3,7,129.50,101.00,211.90,229.10,168.40,57.50
2026-05-18 10:08:51,-N,1,Vieja,1,Sano,0,67,4,6,13,124.70,90.60,221.70,230.30,170.20,54.50
2026-05-18 10:11:23,-N,2,Vieja,1,Sano,0,20,1,2,4,126.60,83.70,205.90,208.50,178.50,58.60
2026-05-18 10:12:04,-N,2,Vieja,1,Sano,0,40,2,4,8,104.40,80.10,186.10,157.60,168.10,53.40
2026-05-18 10:14:25,-N,3,Vieja,1,Def_N,2,29,2,2,5,133.50,103.60,213.20,233.90,177.30,65.60
2026-05-18 10:15:17,-N,3,Vieja,1,Def_N,2,71,4,6,13,130.20,96.50,207.50,226.20,172.90,62.40
2026-05-18 10:17:25,-N,4,Vieja,1,Sano,0,35,2,3,7,142.10,118.50,110.90,181.90,127.00,85.90
2026-05-18 10:18:06,-N,4,Vieja,1,Sano,0,50,3,4,9,122.30,110.20,140.00,203.00,136.00,73.00
2026-05-18 10:18:48,-N,4,Vieja,1,Sano,0,89,6,8,16,113.10,114.30,106.80,179.50,106.10,76.90
2026-05-18 10:20:41,-N,5,Vieja,1,Def_N,3,131,8,11,23,142.60,135.60,214.00,267.00,164.40,82.60
2026-05-18 10:21:15,-N,5,Vieja,1,Def_N,3,129,8,11,23,140.80,135.60,181.70,253.30,142.30,83.30
2026-05-18 10:21:57,-N,5,Vieja,1,Def_N,3,229,13,18,36,124.00,112.10,113.20,178.20,119.10,79.00
2026-05-18 10:22:42,-N,5,Vieja,1,Def_N,3,178,10,15,30,135.20,119.80,102.10,175.10,110.80,86.30
2026-05-18 10:25:30,-N,6,Vieja,1,Def_N,1,85,5,8,16,130.20,117.60,108.90,186.20,114.10,83.60
2026-05-18 10:26:33,-N,13,Vieja,1,Sano,0,44,3,4,8,133.40,120.20,129.10,207.80,126.60,78.80
2026-05-18 10:27:04,-N,13,Vieja,1,Sano,0,52,3,5,10,139.50,119.70,139.50,210.10,144.10,80.40
2026-05-18 10:28:44,-N,14,Vieja,1,Sano,0,78,5,7,14,134.30,120.20,124.70,210.50,129.00,80.30
2026-05-18 10:30:03,-N,15,Vieja,1,Sano,0,27,1,2,5,135.90,128.30,139.10,230.80,123.80,82.30
2026-05-18 10:30:35,-N,15,Vieja,1,Sano,0,28,2,2,5,132.50,121.20,128.10,212.60,128.40,80.50
2026-05-18 10:31:23,-N,15,Vieja,1,Sano,0,73,5,7,14,147.10,125.20,131.70,222.10,148.10,86.60
2026-05-18 10:33:04,-P,1,Vieja,1,Sano,0,45,3,4,9,136.30,121.60,114.10,195.90,116.90,83.00
2026-05-18 10:33:34,-P,1,Vieja,1,Sano,0,46,3,4,9,140.20,129.30,185.80,249.00,161.60,81.00
2026-05-18 10:34:30,-P,1,Vieja,1,Sano,0,97,6,9,18,137.30,112.50,162.90,210.10,157.20,78.10
2026-05-18 10:35:39,-P,2,Vieja,1,Sano,0,22,1,2,4,121.80,114.50,111.50,191.00,108.70,76.40
2026-05-18 10:36:18,-P,2,Vieja,1,Sano,0,10,0,1,2,125.50,118.90,110.70,191.70,105.80,79.30
2026-05-18 10:37:12,-P,2,Vieja,1,Sano,0,27,1,2,5,127.00,114.50,122.70,201.00,127.10,77.60
2026-05-18 10:38:59,-P,3,Vieja,1,Sano,0,15,1,1,3,124.60,120.80,108.10,192.10,110.90,80.40
2026-05-18 10:39:36,-P,3,Vieja,1,Sano,0,63,4,6,12,128.40,120.50,111.30,201.30,113.00,82.70
2026-05-18 10:40:43,-P,4,Vieja,1,Sano,0,20,1,2,4,134.60,124.90,109.30,187.70,107.10,85.70
2026-05-18 10:41:18,-P,4,Vieja,1,Sano,0,13,0,1,2,116.00,112.00,106.10,181.90,105.30,76.90
2026-05-18 10:42:11,-P,4,Vieja,1,Sano,0,42,3,4,8,147.00,115.50,180.20,229.80,174.40,82.70
2026-05-18 10:43:58,-P,5,Vieja,1,Sano,0,68,4,6,13,143.50,122.60,126.80,213.60,142.20,85.00
2026-05-18 10:46:22,-P,6,Vieja,1,Sano,0,151,9,13,26,121.00,118.00,112.00,195.00,106.20,78.10
2026-05-18 10:47:46,-P,6,Vieja,1,Sano,0,93,6,8,17,124.90,110.00,131.40,200.80,133.60,75.40
2026-05-18 10:49:41,-P,13,Vieja,1,Sano,0,29,2,2,5,140.20,130.80,149.80,237.90,133.00,83.50
2026-05-18 10:50:11,-P,13,Vieja,1,Sano,0,25,1,2,5,126.60,120.10,141.20,218.10,122.00,75.70
2026-05-18 10:50:46,-P,13,Vieja,1,Sano,0,75,5,7,14,125.80,123.40,146.80,229.00,125.70,78.40
2026-05-18 10:53:51,-P,14,Vieja,1,Sano,0,49,3,4,9,135.10,123.20,159.40,226.20,144.40,78.20
2026-05-18 10:54:27,-P,14,Vieja,1,Sano,0,25,1,2,5,139.60,118.80,117.30,198.50,131.50,84.00
2026-05-18 10:55:02,-P,14,Vieja,1,Sano,0,43,3,4,8,131.70,122.70,111.60,199.60,111.10,82.20
2026-05-18 10:55:40,-P,14,Vieja,1,Sano,0,33,2,3,6,129.20,112.60,112.50,188.30,122.70,79.00
2026-05-18 10:57:43,-K,1,Vieja,1,Sano,0,108,7,9,19,130.60,112.50,114.00,185.90,124.30,82.00
2026-05-18 10:58:32,-K,2,Vieja,1,Sano,0,22,1,2,4,126.70,113.60,111.40,184.80,121.90,81.40
2026-05-18 10:59:08,-K,2,Vieja,1,Sano,0,48,3,4,9,144.30,115.30,131.40,209.10,155.80,85.40
2026-05-18 10:59:50,-K,2,Vieja,1,Sano,0,130,8,11,23,134.90,119.30,163.60,221.40,156.30,76.90
2026-05-18 11:01:37,-K,3,Vieja,1,Sano,0,125,8,11,22,125.00,111.10,145.60,201.40,134.10,70.90
2026-05-18 11:02:33,-K,4,Vieja,1,Sano,0,93,6,8,17,138.50,116.40,130.70,207.60,139.10,81.30
2026-05-18 11:03:13,-K,4,Vieja,1,Sano,0,96,6,9,18,131.00,115.70,149.50,207.30,141.10,75.40
2026-05-18 11:07:48,-K,5,Vieja,1,Sano,0,20,1,2,4,132.30,113.60,113.50,187.80,122.40,79.50
2026-05-18 11:08:34,-K,5,Vieja,1,Sano,0,13,0,1,2,137.80,122.90,115.60,203.10,119.30,82.50
2026-05-18 11:09:29,-K,5,Vieja,1,Sano,0,10,0,1,2,132.40,116.00,113.90,191.70,121.40,82.40
2026-05-18 11:10:32,-K,6,Vieja,1,Sano,0,173,10,14,29,135.40,114.90,131.20,205.70,144.80,82.80
2026-05-18 11:12:15,-K,13,Vieja,1,Sano,0,102,6,9,18,110.30,92.80,111.10,162.60,117.90,66.70
2026-05-18 11:12:58,-K,14,Vieja,1,Sano,0,64,4,6,12,125.70,112.10,120.30,192.60,120.40,74.50
2026-05-18 11:13:30,-K,14,Vieja,1,Sano,0,59,4,5,11,124.90,107.00,131.00,191.50,130.80,71.70
2026-05-18 11:14:11,-K,14,Vieja,1,Sano,0,68,4,6,13,138.20,110.00,144.10,203.40,156.50,79.20
2026-05-19 13:19:17,Control,7,Vieja,1,Sano,0,135,8,12,24,127.20,92.90,185.40,204.80,162.00,61.90
2026-05-19 13:20:01,Control,7,Vieja,1,Sano,0,166,10,14,28,115.80,83.00,168.00,185.70,148.20,56.20
2026-05-19 13:20:45,Control,7,Vieja,1,Sano,0,219,12,17,35,132.40,86.70,197.60,209.00,174.80,59.10
2026-05-19 13:21:23,Control,7,Vieja,1,Sano,0,263,14,20,40,122.70,77.30,180.60,174.10,165.40,53.40
2026-05-19 13:22:24,Control,7,Vieja,1,Sano,0,94,6,8,17,135.70,88.50,217.90,226.40,183.10,58.00
2026-05-19 13:23:59,Control,8,Vieja,1,Sano,0,117,7,10,21,132.20,99.50,210.50,227.60,175.00,62.40
2026-05-19 13:25:04,Control,9,Vieja,1,Sano,0,128,8,11,23,133.10,105.70,203.80,224.90,171.30,66.40
2026-05-19 13:25:55,Control,10,Vieja,1,Sano,0,137,8,12,24,140.00,90.80,222.50,233.50,190.90,60.90
2026-05-19 13:26:37,Control,10,Vieja,1,Sano,0,232,13,18,37,136.40,93.60,202.70,219.40,178.80,61.40
2026-05-19 13:27:16,Control,10,Vieja,1,Sano,0,94,6,8,17,139.30,102.60,211.50,231.20,181.10,64.70
2026-05-19 13:28:33,Control,11,Vieja,1,Sano,0,75,5,7,14,140.00,90.90,216.80,222.60,189.70,61.00
2026-05-19 13:29:17,Control,12,Vieja,1,Sano,0,83,5,7,15,139.40,82.60,218.50,216.90,192.90,57.40
2026-05-19 13:34:03,-N,7,Vieja,1,Sano,0,65,4,6,12,124.00,80.60,191.20,199.50,167.70,56.30
2026-05-19 13:35:34,-N,7,Vieja,1,Sano,0,96,6,9,18,127.90,94.70,208.70,221.00,174.80,61.20
2026-05-19 13:37:31,-N,7,Vieja,1,Sano,0,177,10,15,30,122.10,101.90,175.90,200.80,145.00,65.10
2026-05-19 13:39:02,-N,8,Vieja,1,Sano,0,213,12,17,34,117.10,96.40,183.30,204.90,151.80,61.30
2026-05-19 13:40:19,-N,9,Vieja,1,Sano,0,124,8,11,22,134.10,97.50,218.60,233.70,179.40,60.30
2026-05-19 13:44:14,-N,10,Vieja,1,Def_N,3,110,7,10,20,126.00,123.00,205.10,237.70,152.60,72.00
2026-05-19 13:46:15,-N,11,Vieja,1,Sano,0,183,11,15,31,129.00,128.30,119.20,224.40,108.80,84.80
2026-05-19 13:47:43,-N,12,Vieja,1,Sano,0,184,11,15,31,127.20,110.10,107.90,170.90,117.20,83.20
2026-05-19 13:48:47,-N,12,Vieja,1,Sano,0,182,11,15,30,136.70,114.50,123.70,197.50,141.80,82.20
2026-05-19 13:54:37,-P,7,Vieja,1,Sano,0,99,6,9,18,128.10,113.80,118.20,196.10,128.00,77.60
2026-05-19 13:55:24,-P,7,Vieja,1,Sano,0,65,4,6,12,136.00,115.00,129.60,201.60,140.40,78.40
2026-05-19 13:58:07,-P,7,Vieja,2,Sano,0,91,6,8,17,132.30,117.80,106.70,184.20,114.80,82.70
2026-05-19 14:00:31,-P,8,Vieja,1,Sano,0,102,6,9,18,136.90,125.70,138.90,222.80,130.40,81.10
2026-05-19 14:03:54,-P,9,Vieja,1,Sano,0,108,7,9,19,120.20,108.60,106.00,172.00,103.40,73.50
2026-05-19 14:05:12,-P,10,Vieja,1,Sano,0,137,8,12,24,125.70,117.00,189.20,225.50,135.30,69.50
2026-05-19 14:06:19,-P,11,Vieja,1,Sano,0,163,10,14,28,127.50,101.70,213.30,229.20,163.10,57.90
2026-05-19 14:07:05,-P,12,Vieja,1,Sano,0,188,11,15,31,138.20,108.30,219.10,238.60,178.40,66.30
2026-05-19 14:11:06,-K,7,Vieja,1,Sano,0,49,3,4,9,137.60,98.90,208.00,227.70,181.70,67.70
2026-05-19 14:11:38,-K,7,Vieja,1,Sano,0,94,6,8,17,131.80,81.90,196.50,205.70,174.20,57.90
2026-05-19 14:12:14,-K,7,Vieja,1,Sano,0,68,4,6,13,139.60,95.30,236.50,245.10,191.10,58.30
2026-05-19 14:12:52,-K,7,Vieja,1,Sano,0,183,11,15,31,134.50,105.80,225.40,243.10,174.90,60.70
2026-05-19 14:13:39,-K,8,Vieja,1,Sano,0,197,11,16,32,136.60,111.80,233.90,253.90,174.70,62.40
2026-05-19 14:14:33,-K,9,Vieja,1,Sano,0,77,5,7,14,136.90,114.20,218.20,240.90,166.10,66.10
2026-05-19 14:15:06,-K,9,Vieja,1,Sano,0,96,6,9,18,127.20,100.10,201.20,220.10,164.90,62.00
2026-05-19 14:15:41,-K,9,Vieja,1,Sano,0,62,4,6,12,137.30,90.90,216.90,227.20,185.10,61.10
2026-05-19 14:16:32,-K,9,Vieja,1,Sano,0,142,9,12,25,140.70,115.70,204.00,231.40,168.90,74.20
2026-05-19 14:17:31,-K,10,Vieja,1,Sano,0,58,4,5,11,116.40,82.90,217.50,207.80,163.80,54.80
2026-05-19 14:18:06,-K,10,Vieja,1,Sano,0,186,11,15,31,127.50,100.70,202.40,222.20,163.50,62.30
2026-05-19 14:19:23,-K,11,Vieja,1,Sano,0,267,14,20,41,144.90,105.80,222.30,242.80,190.60,70.50
2026-05-19 14:19:54,-K,11,Vieja,1,Sano,0,215,12,17,35,119.90,81.20,183.50,187.80,162.90,57.10
2026-05-19 14:21:30,-K,12,Vieja,1,Sano,0,38,2,3,7,134.20,87.70,207.10,215.70,181.50,60.60
2026-05-19 14:22:23,-K,12,Vieja,1,Sano,0,144,9,12,25,138.20,80.30,205.50,204.40,187.00,58.70
2026-05-20 09:56:24,Control,1,Vieja,1,Sano,0,118,7,10,21,120.80,104.30,110.50,174.60,116.30,73.70
2026-05-20 10:01:24,Control,2,Vieja,1,Sano,0,113,7,10,20,136.30,115.20,117.00,194.20,136.50,84.20
2026-05-20 10:02:00,Control,2,Vieja,1,Sano,0,113,7,10,20,134.40,110.20,129.50,202.70,147.90,79.70
2026-05-20 10:03:04,Control,3,Vieja,1,Sano,0,60,4,5,11,132.50,121.60,120.30,206.20,123.20,80.00
2026-05-20 10:04:53,Control,4,Vieja,1,Sano,0,29,2,2,5,129.20,113.10,111.20,186.00,119.70,79.20
2026-05-20 10:05:25,Control,4,Vieja,1,Sano,0,89,6,8,16,138.10,119.30,122.70,206.90,139.40,84.00
2026-05-20 10:06:36,Control,5,Vieja,1,Sano,0,60,4,5,11,138.80,110.40,115.10,185.40,139.40,82.80
2026-05-20 10:09:03,Control,6,Vieja,1,Sano,0,165,10,14,28,131.60,112.60,136.60,205.50,146.80,78.90
2026-05-20 10:11:18,Control,15,Vieja,1,Sano,0,27,1,2,5,119.50,113.30,109.00,176.00,106.80,78.00
2026-05-20 10:12:01,Control,15,Vieja,1,Sano,0,61,4,5,11,126.30,108.30,105.00,164.20,111.90,79.30
2026-05-20 10:13:12,Control,13,Vieja,1,Sano,0,88,5,8,16,133.90,111.80,134.30,201.00,143.50,78.70
2026-05-20 10:14:12,Control,14,Vieja,1,Sano,0,192,11,16,32,127.00,109.90,112.40,184.70,122.80,78.30
2026-05-20 10:15:04,Control,14,Vieja,1,Sano,0,159,9,13,27,133.80,115.00,137.80,208.90,143.70,78.90
2026-05-20 10:15:48,Control,14,Vieja,1,Sano,0,128,8,11,23,129.00,120.00,115.20,204.60,113.70,81.00
2026-05-20 10:19:02,-N,1,Vieja,1,Sano,0,116,7,10,21,131.70,115.80,159.40,211.30,150.10,76.40
2026-05-20 10:20:25,-N,1,Vieja,1,Sano,0,70,4,6,13,139.50,128.70,162.40,230.00,132.70,78.30
2026-05-20 10:26:46,-N,2,Vieja,1,Sano,0,74,5,7,14,130.70,118.50,152.10,213.40,137.80,74.60
2026-05-20 10:28:59,-N,2,Vieja,1,Sano,0,58,4,5,11,135.80,123.60,138.20,218.50,134.30,80.20
2026-05-20 10:30:45,-N,3,Vieja,1,Def_N,2,37,2,3,7,118.30,103.10,134.90,189.10,132.70,70.50
2026-05-20 10:32:36,-N,3,Vieja,1,Def_N,2,109,7,10,20,122.70,111.10,138.80,203.30,137.00,75.30
2026-05-20 10:33:27,-N,3,Vieja,1,Def_N,2,108,7,9,19,141.30,119.80,179.80,230.90,172.90,82.70
2026-05-20 10:34:27,-N,4,Vieja,1,Sano,0,146,9,12,25,116.20,115.00,110.20,190.20,103.40,77.00
2026-05-20 10:36:01,-N,5,Vieja,1,Sano,0,96,6,9,18,126.90,118.30,114.20,194.60,113.20,80.50
2026-05-20 10:37:08,-N,5,Vieja,1,Def_N,3,159,9,13,27,129.60,110.10,221.00,242.70,162.20,59.50
2026-05-20 10:38:24,-N,6,Vieja,1,Def_N,1,53,3,5,10,122.60,87.00,199.20,208.90,164.00,54.60
2026-05-20 10:39:14,-N,6,Vieja,1,Def_N,1,91,6,8,17,136.00,90.10,216.20,227.60,184.40,59.60
2026-05-20 10:40:41,-N,13,Vieja,1,Def_N,1,31,2,3,6,112.00,77.00,197.20,198.20,163.40,52.70
2026-05-20 10:41:30,-N,13,Vieja,1,Def_N,1,48,3,4,9,137.60,107.20,210.60,235.80,181.20,73.80
2026-05-20 10:42:38,-N,14,Vieja,1,Sano,0,147,9,12,25,131.20,89.30,207.20,218.30,174.80,58.00
2026-05-20 10:43:16,-N,14,Vieja,1,Sano,0,129,8,11,23,133.10,91.00,189.00,206.00,167.90,65.00
2026-05-20 10:44:19,-N,15,Vieja,1,Sano,0,61,4,5,11,126.80,96.00,216.60,230.50,162.70,56.60
2026-05-20 10:46:00,-P,1,Vieja,1,Sano,0,54,3,5,10,138.20,106.40,206.60,229.00,174.60,68.70
2026-05-20 10:47:20,-P,1,Vieja,1,Sano,0,115,7,10,21,147.80,104.10,219.80,241.00,191.00,73.00
2026-05-20 10:58:16,-P,2,Vieja,1,Sano,0,43,3,4,8,145.50,90.90,217.10,226.80,191.70,63.60
2026-05-20 10:59:02,-P,2,Vieja,1,Sano,0,19,1,1,3,127.60,88.40,222.30,227.40,178.50,55.10
2026-05-20 11:01:09,-P,2,Vieja,1,Sano,0,31,2,3,6,127.20,100.10,201.40,219.60,162.30,61.20
2026-05-20 11:11:33,-P,3,Vieja,1,Def_P,7,42,3,4,8,121.50,86.00,206.50,213.50,178.40,56.30
2026-05-20 11:16:20,-P,4,Vieja,1,Def_P,7,26,1,2,5,116.50,83.40,213.40,212.30,177.10,53.80
2026-05-20 11:17:29,-P,5,Vieja,1,Def_P,7,48,3,4,9,115.60,91.40,207.80,222.40,157.70,54.10
2026-05-20 11:18:02,-P,5,Vieja,1,Def_P,7,49,3,4,9,113.00,80.60,195.00,205.30,162.10,53.10
2026-05-20 11:19:12,-P,6,Vieja,1,Def_P,2,120,7,10,21,109.50,78.10,185.00,189.10,155.10,53.50
2026-05-20 11:20:06,-P,6,Vieja,1,Def_P,2,103,6,9,19,130.40,89.50,203.80,215.00,174.60,56.90
2026-05-20 11:21:10,-P,13,Vieja,1,Def_P,7,35,2,3,7,139.30,103.90,216.20,238.60,185.70,68.60
2026-05-20 11:21:45,-P,13,Vieja,1,Def_P,7,35,2,3,7,117.20,96.20,227.20,243.80,165.50,54.90
2026-05-20 11:23:46,-P,13,Vieja,1,Def_P,7,34,2,3,6,112.50,89.00,202.90,216.30,158.50,54.20
2026-05-20 11:26:08,-P,14,Vieja,1,Def_P,4,16,1,1,3,132.30,120.90,204.90,239.50,145.20,71.00
2026-05-20 11:27:58,-P,15,Vieja,1,Def_P,4,89,6,8,16,135.20,81.70,202.30,205.80,183.60,56.70
2026-05-20 11:44:30,-K,1,Vieja,1,Def_K,2,142,9,12,25,132.20,102.20,198.10,221.50,174.40,70.80
2026-05-20 11:45:23,-K,2,Vieja,1,Sano,0,67,4,6,13,129.20,96.00,205.00,221.80,169.50,59.00
2026-05-20 11:46:06,-K,2,Vieja,1,Sano,0,176,10,15,30,118.00,79.00,199.40,200.50,168.60,53.60
2026-05-20 11:47:41,-K,3,Vieja,1,Def_K,1,179,10,15,30,125.10,87.10,181.80,197.30,157.80,57.20
2026-05-20 11:48:48,-K,4,Vieja,1,Def_K,1,149,9,13,26,109.50,81.90,172.60,185.10,145.00,54.00
2026-05-20 11:49:58,-K,4,Vieja,1,Def_K,1,150,9,13,26,111.50,87.40,174.10,190.10,143.80,54.90
2026-05-20 11:52:31,-K,5,Vieja,1,Sano,0,170,10,14,29,126.80,92.00,204.00,217.50,167.10,56.50
2026-05-20 11:54:12,-K,6,Vieja,1,Def_K,2,220,12,17,35,121.00,82.50,196.40,203.60,168.70,54.00
2026-05-20 11:55:13,-K,13,Vieja,1,Def_K,1,185,11,15,31,122.20,84.60,196.70,205.80,166.50,55.80
2026-05-20 11:56:04,-K,14,Vieja,1,Sano,0,174,10,14,29,127.70,92.70,211.10,223.70,171.60,56.60
